{
  "best_model": "Linear SVM",
  "accuracy": 0.9946380697050938,
  "cv_mean": 0.9953052628947796,
  "cv_std": 0.002048953140319556,
  "features": 8000,
  "train_size": 4473,
  "test_size": 1119,
  "labels": [
    "أمني",
    "اجتماعي",
    "بيئي",
    "تشغيلي",
    "تقني",
    "صحي",
    "عام",
    "قانوني",
    "مالي",
    "موظفين"
  ]
}